"Designator","Footprint","Mid X","Mid Y","Ref X","Ref Y","Pad X","Pad Y","Layer","Rotation","Comment"
""
"JP2","CON-3.81MM-6P","248.539mm","106.734mm","248.539mm","106.734mm","248.539mm","97.209mm","T","90.00","3.81MM-6P"
"J1","KF2EDG-12P-3.81mm","202.7936mm","130.5306mm","202.7936mm","130.5306mm","223.7486mm","130.5306mm","T","180.00","J?"
"R119","0603R","243.8908mm","46.482mm","243.8908mm","46.482mm","244.7163mm","46.482mm","T","180.00","10K"
"UG24","DIP-4","235.4028mm","110.904mm","239.9594mm","109.6264mm","239.9748mm","109.634mm","T","270.00","PS2501L-1"
"UG23","DIP-4","224.4776mm","117.0332mm","225.7552mm","121.5898mm","225.7476mm","121.6052mm","T","0.00","PS2501L-1"
"R227","0603R","225.7298mm","108.458mm","225.7298mm","108.458mm","225.7298mm","109.2835mm","T","270.00","10K"
"R226","0603R","243.7638mm","112.5474mm","243.7638mm","112.5474mm","244.5893mm","112.5474mm","T","180.00","10K"
"R225","0603R","221.996mm","107.3658mm","221.996mm","107.3658mm","221.1705mm","107.3658mm","T","360.00","10K"
"R224","0603R","222.7072mm","125.3998mm","222.7072mm","125.3998mm","222.7072mm","126.2253mm","T","270.00","10K"
"C153","0603C","227.3046mm","108.4834mm","227.3046mm","108.4834mm","227.3046mm","107.6579mm","T","90.00","104"
"C152","0603C","221.9452mm","108.8644mm","221.9452mm","108.8644mm","222.7707mm","108.8644mm","T","180.00","104"
"C151","0603C","242.9256mm","110.2614mm","242.9256mm","110.2614mm","242.9256mm","111.0869mm","T","270.00","0.1uF"
"C150","0603C","224.9932mm","124.587mm","224.9932mm","124.587mm","224.1677mm","124.587mm","T","360.00","0.1uF"
"J13","KF2EDG-12P-3.81mm","4.9022mm","78.3336mm","4.9022mm","78.3336mm","4.9022mm","99.2886mm","T","270.00","J?"
"RL21","HF32F-12V","10.668mm","19.304mm","7.874mm","26.924mm","6.858mm","26.924mm","T","90.00","JQ1P-24V"
"R223","0603R","10.6172mm","32.7914mm","10.6172mm","32.7914mm","11.4427mm","32.7914mm","T","180.00","4.7K"
"R222","0603R","14.1478mm","36.8046mm","14.1478mm","36.8046mm","14.1478mm","37.6301mm","T","270.00","5.1K"
"R221","0603R","7.6962mm","38.5064mm","7.6962mm","38.5064mm","6.8707mm","38.5064mm","T","360.00","10K"
"Q27","SOT23","10.5322mm","36.1698mm","11.557mm","35.2298mm","11.5482mm","35.2172mm","T","90.00","8050"
"LED23","D0805","7.0526mm","34.364mm","7.0612mm","35.5092mm","7.0526mm","35.507mm","T","0.00","GREEN"
"D32","1206D","8.89mm","30.1752mm","8.89mm","30.1752mm","7.1755mm","30.1752mm","T","360.00","1N4007"
"C149","0603C","14.1986mm","33.5534mm","14.1986mm","33.5534mm","14.1986mm","32.7279mm","T","90.00","104"
"C148","0603C","14.1478mm","30.2768mm","14.1478mm","30.2768mm","14.1478mm","31.1023mm","T","270.00","104"
"UG22","DIP-4","219.042mm","117.0332mm","220.3196mm","121.5898mm","220.312mm","121.6052mm","T","360.00","PS2501L-1"
"UG21","DIP-4","213.6231mm","116.9824mm","214.9007mm","121.539mm","214.8931mm","121.5544mm","T","360.00","PS2501L-1"
"UG20","DIP-4","208.2041mm","116.9824mm","209.4818mm","121.539mm","209.4742mm","121.5544mm","T","360.00","PS2501L-1"
"UG19","DIP-4","202.7852mm","116.9824mm","204.0629mm","121.539mm","204.0552mm","121.5544mm","T","360.00","PS2501L-1"
"U44","SOP8","30.5246mm","84.6136mm","27.9908mm","86.5124mm","27.9846mm","86.5186mm","T","0.00","LM258"
"U43","SOP8","30.3976mm","93.9862mm","27.8638mm","95.885mm","27.8576mm","95.8912mm","T","0.00","LM258"
"U41","SOT23","20.4558mm","80.5433mm","19.431mm","81.4832mm","19.4398mm","81.4958mm","T","270.00","TL431"
"U40","SOT23","20.4558mm","86.0974mm","19.431mm","87.0373mm","19.4398mm","87.0499mm","T","270.00","TL431"
"U38","SOT23","20.4558mm","91.6515mm","19.431mm","92.5915mm","19.4398mm","92.604mm","T","270.00","TL431"
"U37","SOT23","20.4558mm","97.2056mm","19.431mm","98.1456mm","19.4398mm","98.1581mm","T","270.00","TL431"
"U15","SOT-143B","63.0682mm","116.7765mm","64.1604mm","115.951mm","64.1604mm","115.951mm","T","90.00","PRTR5V0U2X"
"R220","0603R","174.371mm","69.2912mm","174.371mm","69.2912mm","175.1965mm","69.2912mm","T","180.00","10R"
"R219","0603R","58.0136mm","121.1836mm","58.0136mm","121.1836mm","58.0136mm","120.3581mm","T","90.00","15K"
"R218","0603R","63.0428mm","121.1836mm","63.0428mm","121.1836mm","63.0428mm","120.3581mm","T","90.00","15K"
"R216","0603R","61.3156mm","121.1834mm","61.3156mm","121.1834mm","61.3156mm","122.0089mm","T","270.00","33R"
"R215","0603R","39.8272mm","82.804mm","39.8272mm","82.804mm","39.8272mm","83.6295mm","T","270.00","470/1%"
"R214","0603R","37.6428mm","82.804mm","37.6428mm","82.804mm","37.6428mm","81.9785mm","T","90.00","200/1%"
"R213","0603R","15.4047mm","80.68mm","15.4047mm","80.68mm","15.4047mm","79.8546mm","T","90.00","470R/1%"
"R212","0603R","13.3285mm","80.68mm","13.3285mm","80.68mm","13.3285mm","79.8546mm","T","90.00","470R/1%"
"R211","0603R","17.481mm","80.68mm","17.481mm","80.68mm","17.481mm","81.5055mm","T","270.00","100R"
"R210","0603R","39.8272mm","87.4353mm","39.8272mm","87.4353mm","39.8272mm","88.2608mm","T","270.00","470/1%"
"R209","0603R","37.6428mm","87.4353mm","37.6428mm","87.4353mm","37.6428mm","86.6098mm","T","90.00","200/1%"
"R208","0603R","15.4047mm","86.2342mm","15.4047mm","86.2342mm","15.4047mm","85.4087mm","T","90.00","470R/1%"
"R207","0603R","13.3285mm","86.2342mm","13.3285mm","86.2342mm","13.3285mm","85.4087mm","T","90.00","470R/1%"
"R206","0603R","17.481mm","86.2342mm","17.481mm","86.2342mm","17.481mm","87.0597mm","T","270.00","100R"
"R205","0603R","39.8272mm","92.075mm","39.8272mm","92.075mm","39.8272mm","92.9005mm","T","270.00","470/1%"
"R204","0603R","37.6428mm","92.075mm","37.6428mm","92.075mm","37.6428mm","91.2495mm","T","90.00","200/1%"
"R203","0603R","15.4047mm","91.5147mm","15.4047mm","91.5147mm","15.4047mm","92.3402mm","T","270.00","470R/1%"
"R202","0603R","13.3285mm","91.5147mm","13.3285mm","91.5147mm","13.3285mm","92.3402mm","T","270.00","470R/1%"
"R201","0603R","17.481mm","91.5149mm","17.481mm","91.5149mm","17.481mm","90.6894mm","T","90.00","100R"
"R200","0603R","39.8272mm","96.6978mm","39.8272mm","96.6978mm","39.8272mm","97.5233mm","T","270.00","470/1%"
"R199","0603R","37.6428mm","96.6978mm","37.6428mm","96.6978mm","37.6428mm","95.8723mm","T","90.00","200/1%"
"R198","0603R","15.4047mm","97.3424mm","15.4047mm","97.3424mm","15.4047mm","96.5169mm","T","90.00","4.7K/1%"
"R197","0603R","13.3285mm","97.3424mm","13.3285mm","97.3424mm","13.3285mm","96.5169mm","T","90.00","4.7K/1%"
"R196","0603R","17.481mm","97.3423mm","17.481mm","97.3423mm","17.481mm","98.1677mm","T","270.00","100R"
"R194","0603R","217.297mm","125.2982mm","217.297mm","125.2982mm","217.297mm","126.1237mm","T","270.00","10K"
"R193","0603R","213.741mm","107.2134mm","213.741mm","107.2134mm","212.9155mm","107.2134mm","T","360.00","10K"
"R192","0603R","211.8614mm","125.222mm","211.8614mm","125.222mm","211.8614mm","126.0475mm","T","270.00","10K"
"R191","0603R","208.2292mm","107.3912mm","208.2292mm","107.3912mm","207.4037mm","107.3912mm","T","360.00","10K"
"R190","0603R","206.5782mm","125.2728mm","206.5782mm","125.2728mm","206.5782mm","126.0983mm","T","270.00","10K"
"R189","0603R","202.8698mm","107.4928mm","202.8698mm","107.4928mm","202.0443mm","107.4928mm","T","360.00","10K"
"R188","0603R","201.0156mm","125.2474mm","201.0156mm","125.2474mm","201.0156mm","126.0729mm","T","270.00","10K"
"L3","1206R","12.5814mm","53.2628mm","10.795mm","53.2638mm","10.8034mm","53.2628mm","T","360.00","1uH"
"L2","1206R","12.5306mm","50.3672mm","10.7442mm","50.3682mm","10.7526mm","50.3672mm","T","360.00","1uH"
"J12","USB-A","60.4318mm","126.9834mm","63.9318mm","125.6284mm","63.9318mm","125.6284mm","T","180.00","CON5"
"J8","KF2EDG-12P-3.81mm","93.2744mm","4.8514mm","93.2744mm","4.8514mm","72.3194mm","4.8514mm","T","360.00","J?"
"J6","KF2EDG-12P-3.81mm","93.1728mm","130.2766mm","93.1728mm","130.2766mm","114.1278mm","130.2766mm","T","180.00","J?"
"F1","0805R","66.3448mm","121.1199mm","66.3448mm","120.0404mm","66.3448mm","120.0404mm","T","90.00","0.5A/0805"
"D2","1206D","12.4714mm","58.2168mm","12.4714mm","58.2168mm","10.7569mm","58.2168mm","T","360.00","1N4007"
"D1","1206D","12.5984mm","61.2648mm","12.5984mm","61.2648mm","10.8839mm","61.2648mm","T","360.00","1N4007"
"C147","0603C","11.2522mm","80.6799mm","11.2522mm","80.6799mm","11.2522mm","81.5053mm","T","270.00","103"
"C146","0603C","11.2522mm","86.233mm","11.2522mm","86.233mm","11.2522mm","87.0585mm","T","270.00","103"
"C145","0603C","41.8338mm","82.8038mm","41.8338mm","82.8038mm","41.8338mm","83.6293mm","T","270.00","103"
"C144","0603C","41.8338mm","87.4351mm","41.8338mm","87.4351mm","41.8338mm","88.2606mm","T","270.00","103"
"C143","0603C","41.8338mm","92.0748mm","41.8338mm","92.0748mm","41.8338mm","92.9003mm","T","270.00","103"
"C142","0603C","11.2522mm","91.5149mm","11.2522mm","91.5149mm","11.2522mm","90.6894mm","T","90.00","103"
"C141","0603C","41.8338mm","96.6976mm","41.8338mm","96.6976mm","41.8338mm","97.5231mm","T","270.00","103"
"C140","0603C","11.2522mm","97.3423mm","11.2522mm","97.3423mm","11.2522mm","98.1677mm","T","270.00","103"
"C139","0603C","218.0844mm","108.8644mm","218.0844mm","108.8644mm","218.9099mm","108.8644mm","T","180.00","104"
"C138","0603C","219.6592mm","124.5108mm","219.6592mm","124.5108mm","218.8337mm","124.5108mm","T","360.00","0.1uF"
"C137","0603C","213.6902mm","108.839mm","213.6902mm","108.839mm","214.5157mm","108.839mm","T","180.00","104"
"C136","0603C","214.2744mm","124.3584mm","214.2744mm","124.3584mm","213.4489mm","124.3584mm","T","360.00","0.1uF"
"C135","0603C","208.2292mm","108.8136mm","208.2292mm","108.8136mm","209.0547mm","108.8136mm","T","180.00","104"
"C134","0603C","208.915mm","124.3584mm","208.915mm","124.3584mm","208.0895mm","124.3584mm","T","360.00","0.1uF"
"C133","0603C","202.8698mm","108.9152mm","202.8698mm","108.9152mm","203.6953mm","108.9152mm","T","180.00","104"
"C132","0603C","203.327mm","124.333mm","203.327mm","124.333mm","202.5015mm","124.333mm","T","360.00","0.1uF"
"C87","0603C","197.231mm","108.9406mm","197.231mm","108.9406mm","198.0565mm","108.9406mm","T","180.00","104"
"C77","0603C","243.0272mm","83.0326mm","243.0272mm","83.0326mm","243.0272mm","83.8581mm","T","270.00","0.1uF"
"C76","0603C","242.8748mm","99.4664mm","242.8748mm","99.4664mm","242.8748mm","100.2919mm","T","270.00","0.1uF"
"C72","0603C","227.6602mm","94.361mm","227.6602mm","94.361mm","227.6602mm","93.5355mm","T","90.00","104"
"RL13","HF32F-12V","159.4414mm","19.336mm","156.6474mm","26.956mm","155.6314mm","26.956mm","T","90.00","JQ1P-24V"
"DC2","C470UF25VEJ","24.8658mm","71.7812mm","30.7086mm","71.7804mm","30.7078mm","71.7812mm","T","180.00","470uF/35V"
"J11","KF2EDG-12P-3.81mm","207.0918mm","4.826mm","207.0918mm","4.826mm","186.1368mm","4.826mm","T","360.00","J?"
"UG7","DIP-4","235.6568mm","44.8198mm","240.2134mm","43.5422mm","240.2288mm","43.5498mm","T","270.00","PS2501L-1"
"UG6","DIP-4","235.6568mm","77.9619mm","240.2134mm","76.6843mm","240.2288mm","76.6919mm","T","270.00","PS2501L-1"
"UG5","DIP-4","235.6568mm","72.4382mm","240.2134mm","71.1606mm","240.2288mm","71.1682mm","T","270.00","PS2501L-1"
"UG4","DIP-4","235.6568mm","66.9145mm","240.2134mm","65.6369mm","240.2288mm","65.6445mm","T","270.00","PS2501L-1"
"UG3","DIP-4","235.6568mm","61.3908mm","240.2134mm","60.1132mm","240.2288mm","60.1208mm","T","270.00","PS2501L-1"
"UG2","DIP-4","235.6568mm","55.8671mm","240.2134mm","54.5895mm","240.2288mm","54.5971mm","T","270.00","PS2501L-1"
"UG1","DIP-4","235.6568mm","50.3435mm","240.2134mm","49.0659mm","240.2288mm","49.0735mm","T","270.00","PS2501L-1"
"RL9","HF32F-12V","67.4059mm","19.2852mm","64.6119mm","26.9052mm","63.5959mm","26.9052mm","T","90.00","JQ1P-24V"
"RL7","HF32F-12V","113.14mm","19.3106mm","110.346mm","26.9306mm","109.33mm","26.9306mm","T","90.00","JQ1P-24V"
"RL5","HF32F-12V","56.0295mm","19.2852mm","53.2355mm","26.9052mm","52.2195mm","26.9052mm","T","90.00","JQ1P-24V"
"RL8","HF32F-12V","44.5516mm","19.2852mm","41.7576mm","26.9052mm","40.7416mm","26.9052mm","T","90.00","JQ1P-24V"
"RL6","HF32F-12V","101.5096mm","19.3106mm","98.7156mm","26.9306mm","97.6996mm","26.9306mm","T","90.00","JQ1P-24V"
"RL2","HF32F-12V","90.1332mm","19.2852mm","87.3393mm","26.9052mm","86.3232mm","26.9052mm","T","90.00","JQ1P-24V"
"R125","0603R","67.7728mm","32.6202mm","67.7728mm","32.6202mm","68.5983mm","32.6202mm","T","180.00","4.7K"
"R123","0603R","71.2018mm","37.0652mm","71.2018mm","37.0652mm","71.2018mm","37.8907mm","T","270.00","5.1K"
"R121","0603R","63.7088mm","38.7162mm","63.7088mm","38.7162mm","64.5343mm","38.7162mm","T","180.00","10K"
"R108","0603R","113.6198mm","33.0266mm","113.6198mm","33.0266mm","114.4453mm","33.0266mm","T","180.00","4.7K"
"R107","0603R","56.6857mm","33.0012mm","56.6857mm","33.0012mm","57.5112mm","33.0012mm","T","180.00","4.7K"
"R126","0603R","125.2559mm","33.0012mm","125.2559mm","33.0012mm","126.0814mm","33.0012mm","T","180.00","4.7K"
"R100","0603R","117.0488mm","37.4716mm","117.0488mm","37.4716mm","117.0488mm","38.2971mm","T","270.00","5.1K"
"R124","0603R","128.5804mm","36.9382mm","128.5804mm","36.9382mm","128.5804mm","37.7637mm","T","270.00","5.1K"
"R98","0603R","59.9242mm","36.9382mm","59.9242mm","36.9382mm","59.9242mm","37.7637mm","T","270.00","5.1K"
"R122","0603R","120.8334mm","38.9702mm","120.8334mm","38.9702mm","121.6589mm","38.9702mm","T","180.00","10K"
"R95","0603R","109.8098mm","38.8686mm","109.8098mm","38.8686mm","110.6353mm","38.8686mm","T","180.00","10K"
"R93","0603R","52.6852mm","38.8432mm","52.6852mm","38.8432mm","53.5107mm","38.8432mm","T","180.00","10K"
"R111","0603R","45.243mm","33.0012mm","45.243mm","33.0012mm","46.0685mm","33.0012mm","T","180.00","4.7K"
"R85","0603R","90.1756mm","33.0012mm","90.1756mm","33.0012mm","91.0011mm","33.0012mm","T","180.00","4.7K"
"R106","0603R","101.9612mm","33.0266mm","101.9612mm","33.0266mm","102.7867mm","33.0266mm","T","180.00","4.7K"
"R102","0603R","48.545mm","36.9382mm","48.545mm","36.9382mm","48.545mm","37.7637mm","T","270.00","5.1K"
"R99","0603R","105.2632mm","36.9636mm","105.2632mm","36.9636mm","105.2632mm","37.7891mm","T","270.00","5.1K"
"R79","0603R","93.8586mm","37.0652mm","93.8586mm","37.0652mm","93.8586mm","37.8907mm","T","270.00","5.1K"
"R94","0603R","98.0242mm","38.9956mm","98.0242mm","38.9956mm","98.8497mm","38.9956mm","T","180.00","10K"
"R61","0603R","86.3656mm","38.7162mm","86.3656mm","38.7162mm","87.1911mm","38.7162mm","T","180.00","10K"
"Q11","SOT23","67.383mm","36.1001mm","68.4078mm","35.1602mm","68.399mm","35.1476mm","T","90.00","8050"
"Q9","SOT23","113.6198mm","36.7731mm","114.6447mm","35.8331mm","114.6358mm","35.8206mm","T","90.00","8050"
"Q12","SOT23","125.5324mm","36.7985mm","126.5573mm","35.8585mm","126.5484mm","35.846mm","T","90.00","8050"
"Q7","SOT23","56.4952mm","35.9095mm","57.5201mm","34.9695mm","57.5112mm","34.957mm","T","90.00","8050"
"Q10","SOT23","45.116mm","35.8587mm","46.1409mm","34.9187mm","46.132mm","34.9062mm","T","90.00","8050"
"Q8","SOT23","101.8342mm","36.4429mm","102.8591mm","35.5029mm","102.8502mm","35.4904mm","T","90.00","8050"
"Q4","SOT23","90.1756mm","36.3667mm","91.2005mm","35.4267mm","91.1916mm","35.4142mm","T","90.00","8050"
"LED10","D0805","63.5818mm","34.5252mm","63.5904mm","35.6704mm","63.5818mm","35.6682mm","T","0.00","GREEN"
"LED8","D0805","109.8098mm","34.5484mm","109.8184mm","35.6936mm","109.8098mm","35.6914mm","T","0.00","GREEN"
"LED11","D0805","121.2144mm","34.523mm","121.223mm","35.6682mm","121.2144mm","35.666mm","T","0.00","GREEN"
"LED6","D0805","52.4312mm","34.523mm","52.4398mm","35.6682mm","52.4312mm","35.666mm","T","0.00","GREEN"
"LED9","D0805","41.179mm","34.523mm","41.1876mm","35.6682mm","41.179mm","35.666mm","T","0.00","GREEN"
"LED7","D0805","98.0242mm","34.5484mm","98.0328mm","35.6936mm","98.0242mm","35.6914mm","T","0.00","GREEN"
"LED3","D0805","86.3656mm","34.523mm","86.3742mm","35.6682mm","86.3656mm","35.666mm","T","0.00","GREEN"
"D21","1206D","65.6138mm","30.2072mm","65.6138mm","30.2072mm","63.8993mm","30.2072mm","T","360.00","1N4007"
"D19","1206D","111.7783mm","30.2326mm","111.7783mm","30.2326mm","110.0638mm","30.2326mm","T","360.00","1N4007"
"D22","1206D","122.9924mm","30.2072mm","122.9924mm","30.2072mm","121.2779mm","30.2072mm","T","360.00","1N4007"
"D17","1206D","54.2092mm","30.2072mm","54.2092mm","30.2072mm","52.4947mm","30.2072mm","T","360.00","1N4007"
"D20","1206D","43.084mm","30.2072mm","43.084mm","30.2072mm","41.3695mm","30.2072mm","T","360.00","1N4007"
"D18","1206D","99.9292mm","30.2326mm","99.9292mm","30.2326mm","98.2147mm","30.2326mm","T","360.00","1N4007"
"D13","1206D","88.2706mm","30.2072mm","88.2706mm","30.2072mm","86.5561mm","30.2072mm","T","360.00","1N4007"
"C108","0603C","71.2018mm","33.6362mm","71.2018mm","33.6362mm","71.2018mm","32.8107mm","T","90.00","104"
"C106","0603C","71.2018mm","30.3342mm","71.2018mm","30.3342mm","71.2018mm","31.1597mm","T","270.00","104"
"C109","0603C","128.5804mm","33.6362mm","128.5804mm","33.6362mm","128.5804mm","32.8107mm","T","90.00","104"
"C89","0603C","117.0488mm","33.6616mm","117.0488mm","33.6616mm","117.0488mm","32.8361mm","T","90.00","104"
"C88","0603C","59.9242mm","33.6362mm","59.9242mm","33.6362mm","59.9242mm","34.4617mm","T","270.00","103"
"C85","0603C","117.0488mm","30.3596mm","117.0488mm","30.3596mm","117.0488mm","31.1851mm","T","270.00","104"
"C107","0603C","128.5804mm","30.3342mm","128.5804mm","30.3342mm","128.5804mm","31.1597mm","T","270.00","104"
"C79","0603C","59.9242mm","30.3342mm","59.9242mm","30.3342mm","59.9242mm","29.5087mm","T","90.00","104"
"C90","0603C","105.2632mm","33.6616mm","105.2632mm","33.6616mm","105.2632mm","32.8361mm","T","90.00","104"
"C91","0603C","48.545mm","33.6362mm","48.545mm","33.6362mm","48.545mm","32.8107mm","T","90.00","104"
"C67","0603C","93.8586mm","33.6362mm","93.8586mm","33.6362mm","93.8586mm","34.4617mm","T","270.00","103"
"C86","0603C","48.545mm","30.3342mm","48.545mm","30.3342mm","48.545mm","31.1597mm","T","270.00","104"
"C84","0603C","105.2632mm","30.3596mm","105.2632mm","30.3596mm","105.2632mm","31.1851mm","T","270.00","104"
"C50","0603C","93.8586mm","30.3342mm","93.8586mm","30.3342mm","93.8586mm","29.5087mm","T","90.00","104"
"C100","0603C","227.6602mm","99.9744mm","227.6602mm","99.9744mm","227.6602mm","99.1489mm","T","90.00","104"
"RL4","HF32F-12V","33.099mm","19.3106mm","30.305mm","26.9306mm","29.289mm","26.9306mm","T","90.00","JQ1P-24V"
"RL3","HF32F-12V","78.7315mm","19.2598mm","75.9375mm","26.8798mm","74.9215mm","26.8798mm","T","90.00","JQ1P-24V"
"RL1","HF32F-12V","21.7226mm","19.336mm","18.9286mm","26.956mm","17.9126mm","26.956mm","T","90.00","JQ1P-24V"
"R84","0603R","33.6352mm","33.0266mm","33.6352mm","33.0266mm","34.4607mm","33.0266mm","T","180.00","4.7K"
"R80","0603R","37.1912mm","36.9636mm","37.1912mm","36.9636mm","37.1912mm","37.7891mm","T","270.00","5.1K"
"R118","0603R","243.84mm","79.7814mm","243.84mm","79.7814mm","244.6655mm","79.7814mm","T","180.00","10K"
"R115","0603R","225.933mm","44.8818mm","225.933mm","44.8818mm","225.933mm","45.7073mm","T","270.00","10K"
"R114","0603R","226.0656mm","77.978mm","226.0656mm","77.978mm","226.0656mm","78.8035mm","T","270.00","10K"
"R62","0603R","29.8252mm","38.8686mm","29.8252mm","38.8686mm","30.6507mm","38.8686mm","T","180.00","10K"
"R96","0603R","41.306mm","38.7162mm","41.306mm","38.7162mm","42.1315mm","38.7162mm","T","180.00","10K"
"R82","0603R","79.2536mm","32.9758mm","79.2536mm","32.9758mm","80.0791mm","32.9758mm","T","180.00","4.7K"
"R78","0603R","82.5556mm","37.0398mm","82.5556mm","37.0398mm","82.5556mm","37.8653mm","T","270.00","5.1K"
"R63","0603R","74.9356mm","38.6908mm","74.9356mm","38.6908mm","75.7611mm","38.6908mm","T","180.00","10K"
"R72","0603R","244.0178mm","57.5564mm","244.0178mm","57.5564mm","244.8433mm","57.5564mm","T","180.00","10K"
"R67","0603R","225.933mm","55.9816mm","225.933mm","55.9816mm","225.933mm","56.8071mm","T","270.00","10K"
"R91","0603R","225.9584mm","61.5696mm","225.9584mm","61.5696mm","225.9584mm","62.3951mm","T","270.00","10K"
"R89","0603R","243.967mm","62.9158mm","243.967mm","62.9158mm","244.7925mm","62.9158mm","T","180.00","10K"
"R83","0603R","22.1036mm","33.052mm","22.1036mm","33.052mm","22.9291mm","33.052mm","T","180.00","4.7K"
"R77","0603R","25.5326mm","36.989mm","25.5326mm","36.989mm","25.5326mm","37.8145mm","T","270.00","5.1K"
"R92","0603R","226.0854mm","66.9036mm","226.0854mm","66.9036mm","226.0854mm","67.7291mm","T","270.00","10K"
"R90","0603R","243.967mm","68.4276mm","243.967mm","68.4276mm","244.7925mm","68.4276mm","T","180.00","10K"
"R117","0603R","243.9924mm","74.0156mm","243.9924mm","74.0156mm","244.8179mm","74.0156mm","T","180.00","10K"
"R113","0603R","225.933mm","72.4916mm","225.933mm","72.4916mm","225.933mm","73.3171mm","T","270.00","10K"
"R60","0603R","17.9761mm","38.767mm","17.9761mm","38.767mm","18.8016mm","38.767mm","T","180.00","10K"
"R71","0603R","243.8908mm","52.0192mm","243.8908mm","52.0192mm","244.7163mm","52.0192mm","T","180.00","10K"
"R66","0603R","225.8878mm","50.3428mm","225.8878mm","50.3428mm","225.8878mm","51.1683mm","T","270.00","10K"
"Q6","SOT23","33.5082mm","35.8079mm","34.5331mm","34.8679mm","34.5242mm","34.8554mm","T","90.00","8050"
"Q5","SOT23","78.9996mm","36.0873mm","80.0245mm","35.1473mm","80.0156mm","35.1348mm","T","90.00","8050"
"Q3","SOT23","21.9678mm","35.8969mm","22.9926mm","34.957mm","22.9838mm","34.9444mm","T","90.00","8050"
"MAKE1","MARK1.0","232.6442mm","131.0386mm","232.6442mm","131.0386mm","232.6442mm","131.0386mm","T","90.00","MARK1.0"
"LED5","D0805","29.4442mm","34.5484mm","29.4528mm","35.6936mm","29.4442mm","35.6914mm","T","0.00","GREEN"
"LED4","D0805","75.181mm","34.4976mm","75.1896mm","35.6428mm","75.181mm","35.6406mm","T","0.00","GREEN"
"LED2","D0805","18.0396mm","34.5738mm","18.0482mm","35.719mm","18.0396mm","35.7168mm","T","0.00","GREEN"
"D15","1206D","31.3492mm","30.2326mm","31.3492mm","30.2326mm","29.6347mm","30.2326mm","T","360.00","1N4007"
"D14","1206D","77.0311mm","30.1818mm","77.0311mm","30.1818mm","75.3166mm","30.1818mm","T","360.00","1N4007"
"D12","1206D","19.9446mm","30.258mm","19.9446mm","30.258mm","18.2301mm","30.258mm","T","360.00","1N4007"
"C66","0603C","37.1912mm","33.6616mm","37.1912mm","33.6616mm","37.1912mm","32.8361mm","T","90.00","104"
"C105","0603C","227.6602mm","44.831mm","227.6602mm","44.831mm","227.6602mm","44.0055mm","T","90.00","104"
"C104","0603C","243.078mm","44.2214mm","243.078mm","44.2214mm","243.078mm","45.0469mm","T","270.00","0.1uF"
"C103","0603C","227.6602mm","77.9592mm","227.6602mm","77.9592mm","227.6602mm","77.1337mm","T","90.00","104"
"C99","0603C","243.0272mm","77.4192mm","243.0272mm","77.4192mm","243.0272mm","78.2447mm","T","270.00","0.1uF"
"C52","0603C","37.1912mm","30.3596mm","37.1912mm","30.3596mm","37.1912mm","31.1851mm","T","270.00","104"
"C68","0603C","82.5556mm","33.6108mm","82.5556mm","33.6108mm","82.5556mm","32.7853mm","T","90.00","104"
"C51","0603C","82.5556mm","30.3088mm","82.5556mm","30.3088mm","82.5556mm","31.1343mm","T","270.00","104"
"C75","0603C","174.6306mm","33.4264mm","174.6306mm","33.4264mm","174.6306mm","32.6009mm","T","90.00","104"
"C64","0603C","227.6602mm","55.9562mm","227.6602mm","55.9562mm","227.6602mm","55.1307mm","T","90.00","104"
"C63","0603C","243.1034mm","55.245mm","243.1034mm","55.245mm","243.1034mm","54.4195mm","T","90.00","104"
"C81","0603C","227.6602mm","61.595mm","227.6602mm","61.595mm","227.6602mm","60.7695mm","T","90.00","104"
"C80","0603C","243.1034mm","60.6806mm","243.1034mm","60.6806mm","243.1034mm","59.8551mm","T","90.00","104"
"C83","0603C","227.6602mm","66.9544mm","227.6602mm","66.9544mm","227.6602mm","66.1289mm","T","90.00","104"
"C82","0603C","243.1034mm","66.2686mm","243.1034mm","66.2686mm","243.1034mm","65.4431mm","T","90.00","104"
"C65","0603C","25.5326mm","33.687mm","25.5326mm","33.687mm","25.5326mm","34.5125mm","T","270.00","103"
"C98","0603C","227.6602mm","72.4916mm","227.6602mm","72.4916mm","227.6602mm","71.6661mm","T","90.00","104"
"C97","0603C","243.078mm","71.7296mm","243.078mm","71.7296mm","243.078mm","72.5551mm","T","270.00","0.1uF"
"C62","0603C","227.6602mm","50.3428mm","227.6602mm","50.3428mm","227.6602mm","49.5173mm","T","90.00","104"
"C61","0603C","243.0526mm","49.6316mm","243.0526mm","49.6316mm","243.0526mm","48.8061mm","T","90.00","104"
"C49","0603C","25.5072mm","30.5816mm","25.5072mm","30.5816mm","25.5072mm","29.7561mm","T","90.00","104"
"J9","KF2EDG-12P-3.81mm","150.2466mm","4.826mm","150.2466mm","4.826mm","129.2916mm","4.826mm","T","360.00","J?"
"J5","KF2EDG-12P-3.81mm","248.5644mm","67.2846mm","248.5644mm","67.2846mm","248.5644mm","46.3296mm","T","90.00","J?"
"C93","0603C","140.239mm","30.4038mm","140.239mm","30.4038mm","140.239mm","29.5783mm","T","90.00","104"
"C112","0603C","178.3898mm","129.0828mm","178.3898mm","129.0828mm","178.3898mm","129.9083mm","T","270.00","0.1uF"
"C113","0603C","172.1414mm","129.0828mm","172.1414mm","129.0828mm","172.1414mm","129.9083mm","T","270.00","0.1uF"
"C114","0603C","192.4868mm","124.333mm","192.4868mm","124.333mm","191.6613mm","124.333mm","T","360.00","0.1uF"
"C115","0603C","191.77mm","108.966mm","191.77mm","108.966mm","192.5955mm","108.966mm","T","180.00","104"
"C116","0603C","187.1726mm","124.2822mm","187.1726mm","124.2822mm","186.3471mm","124.2822mm","T","360.00","0.1uF"
"C117","0603C","186.6392mm","109.0676mm","186.6392mm","109.0676mm","187.4647mm","109.0676mm","T","180.00","104"
"C118","0603C","182.1942mm","124.2822mm","182.1942mm","124.2822mm","181.3687mm","124.2822mm","T","360.00","0.1uF"
"C119","0603C","181.6862mm","108.9406mm","181.6862mm","108.9406mm","182.5117mm","108.9406mm","T","180.00","104"
"C121","0603C","198.3486mm","124.3584mm","198.3486mm","124.3584mm","197.5231mm","124.3584mm","T","360.00","0.1uF"
"C122","0603C","220.2744mm","33.3756mm","220.2744mm","33.3756mm","220.2744mm","34.2011mm","T","270.00","103"
"C123","0603C","208.8444mm","33.3756mm","208.8444mm","33.3756mm","208.8444mm","32.5501mm","T","90.00","104"
"C124","0603C","208.8444mm","30.2768mm","208.8444mm","30.2768mm","208.8444mm","31.1023mm","T","270.00","104"
"C125","0603C","197.5414mm","30.3022mm","197.5414mm","30.3022mm","197.5414mm","31.1277mm","T","270.00","104"
"C126","0603C","185.9844mm","33.4518mm","185.9844mm","33.4518mm","185.9844mm","34.2773mm","T","270.00","103"
"C127","0603C","174.6052mm","30.2514mm","174.6052mm","30.2514mm","174.6052mm","31.0769mm","T","270.00","104"
"C128","0603C","163.2514mm","30.2768mm","163.2514mm","30.2768mm","163.2514mm","31.1023mm","T","270.00","104"
"C129","0603C","242.8804mm","33.4518mm","242.8804mm","33.4518mm","242.8804mm","32.6263mm","T","90.00","104"
"C130","0603C","231.5266mm","33.3756mm","231.5266mm","33.3756mm","231.5266mm","32.5501mm","T","90.00","104"
"C131","0603C","231.5266mm","30.2768mm","231.5266mm","30.2768mm","231.5266mm","31.1023mm","T","270.00","104"
"D29","1206D","214.3054mm","30.3022mm","214.3054mm","30.3022mm","212.5909mm","30.3022mm","T","360.00","1N4007"
"D30","1206D","225.6338mm","30.3022mm","225.6338mm","30.3022mm","223.9193mm","30.3022mm","T","360.00","1N4007"
"D31","1206D","236.9368mm","30.3022mm","236.9368mm","30.3022mm","235.2223mm","30.3022mm","T","360.00","1N4007"
"JP1","CON-3.81MM-6P","37.7246mm","4.826mm","37.7246mm","4.826mm","28.1996mm","4.826mm","T","360.00","3.81MM-6P"
"LED12","D0805","132.6866mm","34.5164mm","132.6952mm","35.6616mm","132.6866mm","35.6594mm","T","0.00","GREEN"
"LED13","D0805","144.2182mm","34.491mm","144.2268mm","35.6362mm","144.2182mm","35.634mm","T","0.00","GREEN"
"LED14","D0805","155.5974mm","34.5672mm","155.606mm","35.7124mm","155.5974mm","35.7102mm","T","0.00","GREEN"
"LED15","D0805","166.9766mm","34.618mm","166.9852mm","35.7632mm","166.9766mm","35.761mm","T","0.00","RED"
"LED16","D0805","178.3558mm","34.618mm","178.3644mm","35.7632mm","178.3558mm","35.761mm","T","0.00","GREEN"
"LED17","D0805","189.862mm","34.6688mm","189.8706mm","35.814mm","189.862mm","35.8118mm","T","0.00","GREEN"
"LED18","D0805","201.2158mm","34.6688mm","201.2244mm","35.814mm","201.2158mm","35.8118mm","T","0.00","GREEN"
"LED19","D0805","212.5696mm","34.6942mm","212.5782mm","35.8394mm","212.5696mm","35.8372mm","T","0.00","GREEN"
"LED20","D0805","223.9234mm","34.6942mm","223.932mm","35.8394mm","223.9234mm","35.8372mm","T","0.00","GREEN"
"LED21","D0805","235.2264mm","34.6434mm","235.235mm","35.7886mm","235.2264mm","35.7864mm","T","0.00","GREEN"
"Q13","SOT23","137.0704mm","36.7645mm","138.1054mm","35.814mm","138.0864mm","35.812mm","T","90.00","8050"
"Q14","SOT23","177.4353mm","107.8166mm","176.4848mm","106.7816mm","176.4828mm","106.8006mm","T","0.00","8050"
"Q19","SOT23","159.6764mm","36.7899mm","160.7114mm","35.8394mm","160.6924mm","35.8374mm","T","90.00","8050"
"Q20","SOT23","171.0302mm","36.8153mm","172.0652mm","35.8648mm","172.0462mm","35.8628mm","T","90.00","8050"
"Q21","SOT23","182.384mm","36.8407mm","183.419mm","35.8902mm","183.4mm","35.8882mm","T","90.00","8050"
"Q22","SOT23","193.9918mm","36.8153mm","195.0268mm","35.8648mm","195.0078mm","35.8628mm","T","90.00","8050"
"Q23","SOT23","205.4726mm","36.8153mm","206.5076mm","35.8648mm","206.4886mm","35.8628mm","T","90.00","8050"
"Q24","SOT23","216.7502mm","36.8153mm","217.7852mm","35.8648mm","217.7662mm","35.8628mm","T","90.00","8050"
"Q25","SOT23","228.104mm","36.8153mm","229.139mm","35.8648mm","229.12mm","35.8628mm","T","90.00","8050"
"Q26","SOT23","239.28mm","36.8407mm","240.315mm","35.8902mm","240.296mm","35.8882mm","T","90.00","8050"
"R142","0603R","196.088mm","125.1966mm","196.088mm","125.1966mm","196.088mm","126.0221mm","T","270.00","10K"
"R143","0603R","177.5262mm","38.9382mm","177.5262mm","38.9382mm","178.3517mm","38.9382mm","T","180.00","10K"
"R144","0603R","185.9844mm","36.576mm","185.9844mm","36.576mm","185.9844mm","37.4015mm","T","270.00","5.1K"
"R145","0603R","182.0728mm","33.274mm","182.0728mm","33.274mm","182.8983mm","33.274mm","T","180.00","4.7K"
"R146","0603R","197.5414mm","36.5252mm","197.5414mm","36.5252mm","197.5414mm","37.3507mm","T","270.00","5.1K"
"R147","0603R","200.3862mm","38.9382mm","200.3862mm","38.9382mm","201.2117mm","38.9382mm","T","180.00","10K"
"R148","0603R","191.7954mm","107.5182mm","191.7954mm","107.5182mm","190.9699mm","107.5182mm","T","360.00","10K"
"R149","0603R","208.8444mm","36.4998mm","208.8444mm","36.4998mm","208.8444mm","37.3253mm","T","270.00","5.1K"
"R150","0603R","186.69mm","107.5182mm","186.69mm","107.5182mm","185.8645mm","107.5182mm","T","360.00","10K"
"R151","0603R","181.6862mm","107.5436mm","181.6862mm","107.5436mm","180.8607mm","107.5436mm","T","360.00","10K"
"R152","0603R","190.1698mm","125.1204mm","190.1698mm","125.1204mm","190.1698mm","125.9459mm","T","270.00","10K"
"R153","0603R","184.8866mm","125.1458mm","184.8866mm","125.1458mm","184.8866mm","125.9713mm","T","270.00","10K"
"R154","0603R","179.6796mm","125.1458mm","179.6796mm","125.1458mm","179.6796mm","125.9713mm","T","270.00","10K"
"R155","0603R","211.74mm","38.9382mm","211.74mm","38.9382mm","212.5655mm","38.9382mm","T","180.00","10K"
"R156","0603R","220.2744mm","36.4236mm","220.2744mm","36.4236mm","220.2744mm","37.2491mm","T","270.00","5.1K"
"R157","0603R","216.439mm","33.274mm","216.439mm","33.274mm","217.2645mm","33.274mm","T","180.00","4.7K"
"R158","0603R","223.0684mm","38.9636mm","223.0684mm","38.9636mm","223.8939mm","38.9636mm","T","180.00","10K"
"R159","0603R","231.5266mm","36.449mm","231.5266mm","36.449mm","231.5266mm","37.2745mm","T","270.00","5.1K"
"R160","0603R","227.5642mm","33.2486mm","227.5642mm","33.2486mm","228.3897mm","33.2486mm","T","180.00","4.7K"
"R161","0603R","234.346mm","38.9636mm","234.346mm","38.9636mm","235.1715mm","38.9636mm","T","180.00","10K"
"R162","0603R","241.8842mm","36.83mm","241.8842mm","36.83mm","241.8842mm","37.6555mm","T","270.00","5.1K"
"R163","0603R","238.8672mm","33.1978mm","238.8672mm","33.1978mm","239.6927mm","33.1978mm","T","180.00","4.7K"
"R176","0603R","173.5638mm","107.6198mm","173.5638mm","107.6198mm","173.5638mm","106.7943mm","T","90.00","2K"
"R177","0603R","174.2242mm","105.2576mm","174.2242mm","105.2576mm","175.0497mm","105.2576mm","T","180.00","3K"
"R178","0603R","177.45mm","105.2576mm","177.45mm","105.2576mm","178.2755mm","105.2576mm","T","180.00","2K"
"R179","0603R","176.7388mm","124.9934mm","176.7388mm","124.9934mm","176.7388mm","124.1679mm","T","90.00","10K"
"R182","0603R","166.2684mm","107.315mm","166.2684mm","107.315mm","166.2684mm","106.4895mm","T","90.00","2K"
"R183","0603R","174.8338mm","124.9934mm","174.8338mm","124.9934mm","174.8338mm","124.1679mm","T","90.00","1.5k"
"R184","0603R","166.9034mm","105.029mm","166.9034mm","105.029mm","167.7289mm","105.029mm","T","180.00","3K"
"R185","0603R","170.0784mm","105.1052mm","170.0784mm","105.1052mm","170.9039mm","105.1052mm","T","180.00","2K"
"R186","0603R","170.6428mm","124.9934mm","170.6428mm","124.9934mm","170.6428mm","124.1679mm","T","90.00","10K"
"R187","0603R","168.7378mm","124.9934mm","168.7378mm","124.9934mm","168.7378mm","124.1679mm","T","90.00","1.5K"
"RL14","HF32F-12V","170.7952mm","19.336mm","168.0012mm","26.956mm","166.9852mm","26.956mm","T","90.00","JQ1P-24V"
"RL15","HF32F-12V","182.1744mm","19.336mm","179.3804mm","26.956mm","178.3644mm","26.956mm","T","90.00","JQ1P-24V"
"RL16","HF32F-12V","193.706mm","19.3614mm","190.912mm","26.9814mm","189.896mm","26.9814mm","T","90.00","JQ1P-24V"
"RL17","HF32F-12V","205.0344mm","19.3614mm","202.2404mm","26.9814mm","201.2244mm","26.9814mm","T","90.00","JQ1P-24V"
"RL18","HF32F-12V","216.439mm","19.3868mm","213.645mm","27.0068mm","212.629mm","27.0068mm","T","90.00","JQ1P-24V"
"RL19","HF32F-12V","227.7166mm","19.4122mm","224.9226mm","27.0322mm","223.9066mm","27.0322mm","T","90.00","JQ1P-24V"
"RL20","HF32F-12V","239.045mm","19.4122mm","236.251mm","27.0322mm","235.235mm","27.0322mm","T","90.00","JQ1P-24V"
"UG10","DIP-4","235.5806mm","94.521mm","240.1372mm","93.2434mm","240.1526mm","93.251mm","T","270.00","PS2501L-1"
"UG11","DIP-4","235.5552mm","100.0487mm","240.1118mm","98.7711mm","240.1272mm","98.7787mm","T","270.00","PS2501L-1"
"UG12","DIP-4","235.4028mm","105.4747mm","239.9594mm","104.1971mm","239.9748mm","104.2047mm","T","270.00","PS2501L-1"
"UG13","DIP-4","197.3664mm","116.9824mm","198.6439mm","121.539mm","198.6364mm","121.5544mm","T","360.00","PS2501L-1"
"UG14","DIP-4","191.9475mm","116.9824mm","193.225mm","121.539mm","193.2175mm","121.5544mm","T","360.00","PS2501L-1"
"UG15","DIP-4","186.5285mm","116.9824mm","187.8061mm","121.539mm","187.7985mm","121.5544mm","T","360.00","PS2501L-1"
"UG16","DIP-4","181.1096mm","116.9824mm","182.3872mm","121.539mm","182.3796mm","121.5544mm","T","360.00","PS2501L-1"
"UG17","DIP-4","175.6796mm","116.9824mm","174.402mm","112.4258mm","174.4096mm","112.4104mm","T","180.00","PS2501L-1"
"UG18","DIP-4","170.2892mm","116.977mm","169.0116mm","112.4204mm","169.0192mm","112.405mm","T","180.00","PS2501L-1"
"C53","0603C","140.239mm","33.655mm","140.239mm","33.655mm","140.239mm","34.4805mm","T","270.00","103"
"C54","0603C","151.796mm","33.5788mm","151.796mm","33.5788mm","151.796mm","32.7533mm","T","90.00","104"
"C55","0603C","163.226mm","33.5026mm","163.226mm","33.5026mm","163.226mm","32.6771mm","T","90.00","104"
"C58","0603C","220.249mm","30.2768mm","220.249mm","30.2768mm","220.249mm","29.4513mm","T","90.00","104"
"C59","0603C","185.9844mm","30.3276mm","185.9844mm","30.3276mm","185.9844mm","29.5021mm","T","90.00","104"
"C60","0603C","242.855mm","30.3022mm","242.855mm","30.3022mm","242.855mm","31.1277mm","T","270.00","104"
"C70","0603C","197.5414mm","33.4264mm","197.5414mm","33.4264mm","197.5414mm","32.6009mm","T","90.00","104"
"C71","0603C","243.0018mm","93.8276mm","243.0018mm","93.8276mm","243.0018mm","94.6531mm","T","270.00","0.1uF"
"C92","0603C","227.6602mm","83.4898mm","227.6602mm","83.4898mm","227.6602mm","82.6643mm","T","90.00","104"
"C94","0603C","243.0272mm","88.4936mm","243.0272mm","88.4936mm","243.0272mm","89.3191mm","T","270.00","0.1uF"
"C95","0603C","151.7452mm","30.3022mm","151.7452mm","30.3022mm","151.7452mm","31.1277mm","T","270.00","104"
"C96","0603C","227.6094mm","88.7476mm","227.6094mm","88.7476mm","227.6094mm","87.9221mm","T","90.00","104"
"C101","0603C","242.8494mm","104.8258mm","242.8494mm","104.8258mm","242.8494mm","105.6513mm","T","270.00","0.1uF"
"C102","0603C","227.3554mm","104.902mm","227.3554mm","104.902mm","227.3554mm","104.0765mm","T","90.00","104"
"C110","0603C","175.037mm","107.6198mm","175.037mm","107.6198mm","175.037mm","108.4453mm","T","270.00","0.1uF"
"C111","0603C","167.6908mm","107.3912mm","167.6908mm","107.3912mm","167.6908mm","108.2167mm","T","270.00","0.1uF"
"D16","1206D","145.954mm","30.2006mm","145.954mm","30.2006mm","144.2395mm","30.2006mm","T","360.00","1N4007"
"D23","1206D","134.397mm","30.2072mm","134.397mm","30.2072mm","132.6825mm","30.2072mm","T","360.00","1N4007"
"D24","1206D","157.3078mm","30.2006mm","157.3078mm","30.2006mm","155.5933mm","30.2006mm","T","360.00","1N4007"
"D25","1206D","168.687mm","30.2006mm","168.687mm","30.2006mm","166.9725mm","30.2006mm","T","360.00","1N4007"
"D26","1206D","180.0916mm","30.226mm","180.0916mm","30.226mm","178.3771mm","30.226mm","T","360.00","1N4007"
"D27","1206D","191.6232mm","30.2768mm","191.6232mm","30.2768mm","189.9087mm","30.2768mm","T","360.00","1N4007"
"D28","1206D","202.9262mm","30.2768mm","202.9262mm","30.2768mm","201.2117mm","30.2768mm","T","360.00","1N4007"
"MARKE3","MARK1.0","12.4968mm","2.6162mm","12.4968mm","2.6162mm","12.4968mm","2.6162mm","T","90.00","MARK1.0"
"Q15","SOT-23L","175.7863mm","128.6564mm","174.8338mm","127.4064mm","174.8338mm","127.4064mm","T","360.00","AO3407"
"Q16","SOT23","170.1145mm","107.6388mm","169.164mm","106.6038mm","169.162mm","106.6228mm","T","0.00","8050"
"Q17","SOT-23L","169.7157mm","128.6564mm","168.7632mm","127.4064mm","168.7632mm","127.4064mm","T","0.00","AO3407"
"Q18","SOT23","148.3988mm","36.7645mm","149.4338mm","35.814mm","149.4148mm","35.812mm","T","90.00","8050"
"R64","0603R","154.7678mm","38.989mm","154.7678mm","38.989mm","155.5933mm","38.989mm","T","180.00","10K"
"R68","0603R","140.239mm","36.7538mm","140.239mm","36.7538mm","140.239mm","37.5793mm","T","270.00","5.1K"
"R69","0603R","163.226mm","36.6522mm","163.226mm","36.6522mm","163.226mm","37.4777mm","T","270.00","5.1K"
"R70","0603R","151.7706mm","36.7284mm","151.7706mm","36.7284mm","151.7706mm","37.5539mm","T","270.00","5.1K"
"R73","0603R","204.8312mm","33.3756mm","204.8312mm","33.3756mm","205.6567mm","33.3756mm","T","180.00","4.7K"
"R74","0603R","148.113mm","33.274mm","148.113mm","33.274mm","148.9385mm","33.274mm","T","180.00","4.7K"
"R75","0603R","136.7338mm","33.274mm","136.7338mm","33.274mm","137.5593mm","33.274mm","T","180.00","4.7K"
"R76","0603R","225.7806mm","104.902mm","225.7806mm","104.902mm","225.7806mm","105.7275mm","T","270.00","10K"
"R81","0603R","189.0324mm","38.9382mm","189.0324mm","38.9382mm","189.8579mm","38.9382mm","T","180.00","10K"
"R86","0603R","197.2564mm","107.442mm","197.2564mm","107.442mm","196.4309mm","107.442mm","T","360.00","10K"
"R87","0603R","225.6536mm","94.4118mm","225.6536mm","94.4118mm","225.6536mm","95.2373mm","T","270.00","10K"
"R97","0603R","193.6044mm","33.274mm","193.6044mm","33.274mm","194.4299mm","33.274mm","T","180.00","4.7K"
"R103","0603R","243.713mm","101.6254mm","243.713mm","101.6254mm","244.5385mm","101.6254mm","T","180.00","10K"
"R104","0603R","225.7552mm","99.8982mm","225.7552mm","99.8982mm","225.7552mm","100.7237mm","T","270.00","10K"
"R105","0603R","243.6876mm","107.0356mm","243.6876mm","107.0356mm","244.5131mm","107.0356mm","T","180.00","10K"
"R120","0603R","225.837mm","83.4898mm","225.837mm","83.4898mm","225.837mm","84.3153mm","T","270.00","10K"
"R127","0603R","243.9162mm","90.805mm","243.9162mm","90.805mm","244.7417mm","90.805mm","T","180.00","10K"
"R128","0603R","243.8146mm","96.1136mm","243.8146mm","96.1136mm","244.6401mm","96.1136mm","T","180.00","10K"
"R129","0603R","243.8654mm","85.2932mm","243.8654mm","85.2932mm","244.6909mm","85.2932mm","T","180.00","10K"
"R130","0603R","225.7806mm","88.773mm","225.7806mm","88.773mm","225.7806mm","89.5985mm","T","270.00","10K"
"R131","0603R","131.857mm","38.989mm","131.857mm","38.989mm","132.6825mm","38.989mm","T","180.00","10K"
"R132","0603R","143.3632mm","38.989mm","143.3632mm","38.989mm","144.1887mm","38.989mm","T","180.00","10K"
"R133","0603R","174.6306mm","36.6014mm","174.6306mm","36.6014mm","174.6306mm","37.4269mm","T","270.00","5.1K"
"R134","0603R","159.3398mm","33.274mm","159.3398mm","33.274mm","160.1653mm","33.274mm","T","180.00","4.7K"
"R135","0603R","166.1724mm","38.9636mm","166.1724mm","38.9636mm","166.9979mm","38.9636mm","T","180.00","10K"
"R136","0603R","170.7698mm","33.274mm","170.7698mm","33.274mm","171.5953mm","33.274mm","T","180.00","4.7K"
"RL11","HF32F-12V","136.429mm","19.3614mm","133.635mm","26.9814mm","132.619mm","26.9814mm","T","90.00","JQ1P-24V"
"UG8","DIP-4","235.6568mm","83.4855mm","240.2134mm","82.2079mm","240.2288mm","82.2155mm","T","270.00","PS2501L-1"
"UG9","DIP-4","235.6568mm","89.0092mm","240.2134mm","87.7316mm","240.2288mm","87.7392mm","T","270.00","PS2501L-1"
"RL12","HF32F-12V","147.9352mm","19.336mm","145.1412mm","26.956mm","144.1252mm","26.956mm","T","90.00","JQ1P-24V"
"J2","CON6-2.54mm-90","42.1442mm","130.734mm","35.7942mm","130.734mm","35.7942mm","130.734mm","T","360.00","CON6"
"J7","KF2EDG-12P-3.81mm","140.5438mm","130.234mm","161.4988mm","130.234mm","161.4988mm","130.234mm","T","180.00","J?"
"J10","CON6-2.54mm-90","23.0124mm","130.81mm","16.6624mm","130.81mm","16.6624mm","130.81mm","T","360.00","CON6"
"R139","0603R","72.5988mm","122.587mm","72.5988mm","122.587mm","72.5988mm","121.7615mm","T","90.00","10R"
"R138","0603R","74.3768mm","122.587mm","74.3768mm","122.587mm","74.3768mm","121.7615mm","T","90.00","10R"
"R137","0603R","38.2495mm","122.968mm","38.2495mm","122.968mm","38.2495mm","123.7935mm","T","270.00","10K"
"TVS2","3528TVS","100.5388mm","122.587mm","98.763mm","122.5806mm","98.7608mm","122.587mm","T","180.00","BA301N"
"TVS1","3528TVS","106.7554mm","121.6958mm","106.7618mm","119.92mm","106.7554mm","119.9178mm","T","270.00","BA301N"
"R14","0603R","96.4748mm","118.65mm","96.4748mm","118.65mm","97.3003mm","118.65mm","T","180.00","10R"
"R13","0603R","98.8878mm","96.044mm","98.8878mm","96.044mm","98.8878mm","95.2185mm","T","90.00","100R"
"R11","0603R","99.7768mm","118.65mm","99.7768mm","118.65mm","100.6023mm","118.65mm","T","180.00","10R"
"R10","0603R","103.0788mm","118.65mm","103.0788mm","118.65mm","102.2533mm","118.65mm","T","360.00","10R"
"R9","0603R","88.4103mm","93.504mm","88.4103mm","93.504mm","89.2358mm","93.504mm","T","180.00","2K"
"R8","0603R","88.4738mm","96.298mm","88.4738mm","96.298mm","89.2993mm","96.298mm","T","180.00","2K"
"D3","D0805","94.3158mm","96.298mm","93.1706mm","96.3066mm","93.1728mm","96.298mm","T","90.00","GREEN"
"C23","0603C","104.7298mm","96.044mm","104.7298mm","96.044mm","104.7298mm","96.8695mm","T","270.00","104"
"Y1","ZS-32.768","95.4107mm","73.4126mm","99.1472mm","74.0768mm","99.1418mm","74.073mm","T","180.00","32.768KHz"
"Y2","ZS_SMD","97.3638mm","64.548mm","97.3638mm","60.23mm","97.3638mm","60.23mm","T","90.00","12M"
"U11","SOT23","77.9328mm","78.2513mm","78.9577mm","77.3113mm","78.9488mm","77.2988mm","T","90.00","CJ431"
"U6","RSM485","118.0479mm","107.7788mm","123.1279mm","100.1588mm","123.1279mm","100.1588mm","T","180.00","RSM485S_CTM8251T"
"U10","SOP8","144.2014mm","72.0918mm","141.6676mm","73.9906mm","141.6614mm","73.9968mm","T","0.00","FM25CL64"
"U9","CTM8251KT","155.9108mm","107.982mm","159.7208mm","100.362mm","159.7208mm","100.362mm","T","90.00","CTM8251"
"U7","SO-16","77.6788mm","111.03mm","73.2262mm","108.241mm","73.2338mm","108.236mm","T","90.00","SP3232"
"U8","CTM8251KT","136.7507mm","107.982mm","140.5607mm","100.362mm","140.5607mm","100.362mm","T","90.00","CTM8251"
"U5","SOP8","83.7748mm","65.115mm","81.876mm","62.5812mm","81.8698mm","62.575mm","T","90.00","SP706SEN"
"U4","RSM485","99.7768mm","107.7788mm","104.8568mm","100.1588mm","104.8568mm","100.1588mm","T","180.00","RSM485S_CTM8251T"
"U2","TO5B","56.0672mm","78.6078mm","52.6598mm","72.009mm","52.6636mm","72.0078mm","T","90.00","MIC29302"
"U1","SOP-8","42.3728mm","57.3786mm","42.3728mm","57.3786mm","45.2728mm","55.4736mm","T","90.00","EUP3484"
"TVS4","3528TVS","116.7926mm","122.7204mm","115.0168mm","122.714mm","115.0146mm","122.7204mm","T","180.00","BA301N"
"TVS3","3528TVS","122.8844mm","121.6958mm","122.8908mm","119.92mm","122.8844mm","119.9178mm","T","270.00","BA301N"
"TVS11","3528TVS","159.3376mm","123.3554mm","157.5618mm","123.349mm","157.5596mm","123.3554mm","T","180.00","BA301N"
"TVS8","3528TVS","88.603mm","122.4536mm","90.3788mm","122.46mm","90.381mm","122.4536mm","T","360.00","BA301N/NC"
"TVS10","3528TVS","153.358mm","121.9476mm","153.3644mm","120.1718mm","153.358mm","120.1696mm","T","270.00","BA301N"
"TVS6","3528TVS","80.4728mm","122.46mm","78.697mm","122.4536mm","78.6948mm","122.46mm","T","180.00","BA301N"
"TVS7","3528TVS","138.7658mm","123.222mm","136.99mm","123.2156mm","136.9878mm","123.222mm","T","180.00","BA301N"
"TVS5","3528TVS","132.5364mm","121.9498mm","132.5428mm","120.174mm","132.5364mm","120.1718mm","T","270.00","BA301N"
"SW4","SW1","161.2618mm","73.0106mm","165.9382mm","72.9996mm","165.1mm","73.0106mm","T","90.00","SW SPST"
"SW2","SW1","161.2618mm","68.6164mm","165.9382mm","68.6054mm","165.1mm","68.6164mm","T","90.00","SW SPST"
"SW3","SW","70.3128mm","65.56mm","70.3204mm","61.5662mm","70.3128mm","61.56mm","T","90.00","°´¼ü"
"SW1","SW1","74.7578mm","65.818mm","74.7468mm","61.5534mm","74.7578mm","61.568mm","T","360.00","SW SPST"
"R58","0603R","81.6158mm","78.01mm","81.6158mm","78.01mm","81.6158mm","77.1845mm","T","90.00","10k1%"
"R57","0603R","81.6158mm","81.566mm","81.6158mm","81.566mm","81.6158mm","80.7405mm","T","90.00","3.3k1%"
"R55","0603R","73.8688mm","79.915mm","73.8688mm","79.915mm","73.8688mm","79.0895mm","T","90.00","2K"
"R59","0603R","154.8892mm","72.898mm","154.8892mm","72.898mm","154.8892mm","73.7235mm","T","270.00","10K"
"R35","0603R","112.6038mm","118.777mm","112.6038mm","118.777mm","113.4293mm","118.777mm","T","180.00","10R"
"R34","0603R","117.9378mm","96.171mm","117.9378mm","96.171mm","117.9378mm","95.3455mm","T","90.00","100R"
"R32","0603R","119.8428mm","96.171mm","119.8428mm","96.171mm","119.8428mm","95.3455mm","T","90.00","100R"
"R28","0603R","115.9058mm","118.777mm","115.9058mm","118.777mm","116.7313mm","118.777mm","T","180.00","10R"
"R33","0603R","143.0076mm","81.5914mm","143.0076mm","81.5914mm","143.0076mm","80.7659mm","T","90.00","10K"
"R24","0603R","119.2078mm","118.777mm","119.2078mm","118.777mm","120.0333mm","118.777mm","T","180.00","10R"
"R23","0603R","108.0318mm","93.377mm","108.0318mm","93.377mm","108.8573mm","93.377mm","T","180.00","2K"
"R22","0603R","108.0318mm","96.298mm","108.0318mm","96.298mm","108.8573mm","96.298mm","T","180.00","2K"
"R29","0603R","140.7216mm","81.5914mm","140.7216mm","81.5914mm","140.7216mm","80.7659mm","T","90.00","10K"
"R56","0603R","154.7678mm","95.536mm","154.7678mm","95.536mm","154.7678mm","94.7105mm","T","90.00","2k"
"R53","1206R","159.4668mm","119.793mm","161.2532mm","119.792mm","161.2448mm","119.793mm","T","180.00","120R"
"R51","0603R","156.6728mm","95.536mm","156.6728mm","95.536mm","156.6728mm","94.7105mm","T","90.00","2k"
"R45","0603R","87.9658mm","119.412mm","87.9658mm","119.412mm","87.1403mm","119.412mm","T","360.00","10R"
"R44","0603R","84.9178mm","107.474mm","84.9178mm","107.474mm","84.9178mm","106.6485mm","T","90.00","0R"
"R54","0603R","138.6134mm","70.5678mm","138.6134mm","70.5678mm","138.6134mm","69.7423mm","T","90.00","10K"
"R43","0603R","84.9178mm","112.427mm","84.9178mm","112.427mm","84.9178mm","111.6015mm","T","90.00","0R"
"R52","0603R","142.4742mm","75.851mm","142.4742mm","75.851mm","143.2997mm","75.851mm","T","180.00","10K"
"R15","0603R","154.8892mm","69.6722mm","154.8892mm","69.6722mm","154.8892mm","68.8467mm","T","90.00","10K"
"R50","0603R","138.6134mm","73.9968mm","138.6134mm","73.9968mm","138.6134mm","74.8223mm","T","270.00","10K"
"R16","0603R","141.7376mm","84.3854mm","141.7376mm","84.3854mm","142.5631mm","84.3854mm","T","180.00","10K"
"R46","1206R","147.1478mm","121.571mm","147.1468mm","119.7846mm","147.1478mm","119.793mm","T","90.00","1M"
"R47","0603R","149.7894mm","73.7428mm","149.7894mm","73.7428mm","149.7894mm","74.5683mm","T","270.00","10K"
"R49","0603R","146.9954mm","68.5546mm","146.9954mm","68.5546mm","147.8209mm","68.5546mm","T","180.00","10K"
"R48","0603R","149.7894mm","70.4408mm","149.7894mm","70.4408mm","149.7894mm","69.6153mm","T","90.00","10K"
"R42","0603R","86.9498mm","107.474mm","86.9498mm","107.474mm","86.9498mm","106.6485mm","T","90.00","0R"
"R40","0603R","86.8228mm","112.427mm","86.8228mm","112.427mm","86.8228mm","111.6015mm","T","90.00","0R"
"R37","0603R","82.7588mm","119.412mm","82.7588mm","119.412mm","83.5843mm","119.412mm","T","180.00","10R"
"R41","0603R","134.4478mm","95.663mm","134.4478mm","95.663mm","134.4478mm","94.8375mm","T","90.00","2k"
"R39","1206R","138.6388mm","119.666mm","140.4252mm","119.665mm","140.4168mm","119.666mm","T","180.00","120R"
"R38","0603R","136.2258mm","95.663mm","136.2258mm","95.663mm","136.2258mm","94.8375mm","T","90.00","2k"
"R36","1206R","126.5103mm","121.19mm","126.5113mm","122.9764mm","126.5103mm","122.968mm","T","270.00","1M"
"R27","0603R","83.7748mm","72.608mm","83.7748mm","72.608mm","82.9493mm","72.608mm","T","360.00","1kR"
"R21","0603R","86.8228mm","71.719mm","86.8228mm","71.719mm","86.8228mm","70.8935mm","T","90.00","10K"
"R20","0603R","80.2188mm","70.703mm","80.2188mm","70.703mm","79.3933mm","70.703mm","T","360.00","10K"
"R19","0603R","83.7748mm","70.703mm","83.7748mm","70.703mm","84.6003mm","70.703mm","T","180.00","10K"
"R12","0603R","101.0468mm","96.044mm","101.0468mm","96.044mm","101.0468mm","95.2185mm","T","90.00","100R"
"R18","0603R","79.4568mm","67.02mm","79.4568mm","67.02mm","79.4568mm","66.1945mm","T","90.00","10K"
"R6","0603R","61.0164mm","68.1482mm","61.0164mm","68.1482mm","61.0164mm","67.3227mm","T","90.00","1.2K/1%"
"R3","0603R","58.6542mm","68.9676mm","58.6542mm","68.9676mm","59.4797mm","68.9676mm","T","180.00","2K/1%"
"R2","0603R","53.4726mm","68.961mm","53.4726mm","68.961mm","54.2981mm","68.961mm","T","180.00","4K7"
"R7","0603R","37.115mm","62.0588mm","37.115mm","62.0588mm","37.115mm","61.2333mm","T","90.00","6.8k"
"R5","0603R","45.751mm","62.0588mm","45.751mm","62.0588mm","45.751mm","61.2333mm","T","90.00","10k"
"R4","0603R","41.306mm","62.0588mm","41.306mm","62.0588mm","41.306mm","62.8843mm","T","270.00","43k"
"R1","0603R","43.592mm","62.0588mm","43.592mm","62.0588mm","43.592mm","62.8843mm","T","270.00","1.2k¦¸"
"R31","0603R","43.4142mm","122.968mm","43.4142mm","122.968mm","43.4142mm","123.7935mm","T","270.00","10K"
"R30","0603R","40.8319mm","122.968mm","40.8319mm","122.968mm","40.8319mm","123.7935mm","T","270.00","10K"
"R26","0603R","35.7942mm","122.968mm","35.7942mm","122.968mm","35.7942mm","123.7935mm","T","270.00","10K"
"Q2","SOT23","77.9328mm","81.7439mm","78.9577mm","80.804mm","78.9488mm","80.7914mm","T","90.00","8050"
"Q1","SOT23","146.8265mm","81.5404mm","145.8016mm","82.4804mm","145.8105mm","82.4929mm","T","270.00","8050"
"MARKE1","MARK1.0","11.8872mm","116.4082mm","11.8872mm","116.4082mm","11.8872mm","116.4082mm","T","90.00","MARK1.0"
"LED1","D0805","146.6906mm","84.6394mm","145.5454mm","84.648mm","145.5476mm","84.6394mm","T","90.00","GREEN"
"L4","1206R","89.9978mm","77.121mm","88.2114mm","77.122mm","88.2198mm","77.121mm","T","360.00","1uH"
"L1","LC7*7*3_L","43.973mm","69.2658mm","43.973mm","69.2658mm","46.573mm","69.2658mm","T","180.00","22uH"
"EC2","C470UF25VEJ","57.7136mm","60.275mm","63.5564mm","60.2742mm","63.5556mm","60.275mm","T","180.00","470uF,25V"
"EC1","C100UF16VEJ","97.0837mm","87.291mm","100.3594mm","87.29mm","100.3597mm","87.301mm","T","180.00","100uF/16V"
"DC1","C470UF25VEJ","24.8658mm","60.9862mm","30.7086mm","60.9854mm","30.7078mm","60.9862mm","T","180.00","470uF/35V"
"D6","D0805","114.003mm","93.3684mm","112.8578mm","93.377mm","112.86mm","93.3684mm","T","90.00","RED"
"D5","D0805","114.0008mm","96.298mm","112.8556mm","96.3066mm","112.8578mm","96.298mm","T","90.00","GREEN"
"D11","D0805","150.96mm","92.9874mm","149.8148mm","92.996mm","149.817mm","92.9874mm","T","90.00","RED"
"D10","D0805","150.9578mm","96.044mm","149.8126mm","96.0526mm","149.8148mm","96.044mm","T","90.00","GREEN"
"D8","D0805","130.7648mm","93.25mm","129.6196mm","93.2586mm","129.6218mm","93.25mm","T","90.00","RED"
"D7","D0805","130.7648mm","96.298mm","129.6196mm","96.3066mm","129.6218mm","96.298mm","T","90.00","GREEN"
"D4","D0805","94.318mm","93.3684mm","93.1728mm","93.377mm","93.175mm","93.3684mm","T","90.00","RED"
"D9","1206D","90.6328mm","67.85mm","90.6328mm","67.85mm","88.9183mm","67.85mm","T","360.00","1N4148"
"C44","CA1206","84.4098mm","79.5975mm","84.3976mm","81.314mm","84.4098mm","81.312mm","T","90.00","10uF/16V"
"C43","0603C","94.4428mm","77.121mm","94.4428mm","77.121mm","94.4428mm","77.9465mm","T","270.00","104"
"C42","0603C","87.9658mm","80.804mm","87.9658mm","80.804mm","87.9658mm","81.6295mm","T","270.00","104"
"C26","0603C","123.2718mm","96.171mm","123.2718mm","96.171mm","123.2718mm","96.9965mm","T","270.00","104"
"C41","0603C","146.7922mm","75.851mm","146.7922mm","75.851mm","145.9667mm","75.851mm","T","360.00","104"
"C40","0603C","162.845mm","94.6978mm","162.845mm","94.6978mm","162.845mm","93.8723mm","T","90.00","0.1uF"
"C39","CA1206","160.5458mm","93.8195mm","160.5336mm","95.536mm","160.5458mm","95.534mm","T","90.00","10uF/16V"
"C37","0603C","80.5998mm","104.807mm","80.5998mm","104.807mm","81.4253mm","104.807mm","T","180.00","0.1uF"
"C36","0603C","77.2978mm","104.807mm","77.2978mm","104.807mm","78.1233mm","104.807mm","T","180.00","0.1uF"
"C38","1206C","150.0688mm","121.2535mm","150.0688mm","119.539mm","150.0688mm","119.539mm","T","90.00","103/2KV/1206"
"C33","0603C","70.8208mm","113.1255mm","70.8208mm","113.1255mm","70.8208mm","113.951mm","T","270.00","1uF"
"C32","0603C","70.8208mm","109.4425mm","70.8208mm","109.4425mm","70.8208mm","108.617mm","T","90.00","0.1uF"
"C31","0603C","73.9958mm","104.807mm","73.9958mm","104.807mm","74.8213mm","104.807mm","T","180.00","0.1uF"
"C47","0603C","100.9198mm","71.533mm","100.9198mm","71.533mm","100.9198mm","72.3585mm","T","270.00","22P"
"C45","0603C","100.9198mm","74.835mm","100.9198mm","74.835mm","100.9198mm","74.0095mm","T","90.00","22P"
"C35","0603C","138.0038mm","95.663mm","138.0038mm","95.663mm","138.0038mm","96.4885mm","T","270.00","104"
"C34","CA1206","142.7663mm","95.79mm","141.0498mm","95.7778mm","141.0518mm","95.79mm","T","180.00","10uF"
"C28","0603C","88.8548mm","71.719mm","88.8548mm","71.719mm","88.8548mm","70.8935mm","T","90.00","104"
"C27","0603C","80.2188mm","72.608mm","80.2188mm","72.608mm","79.3933mm","72.608mm","T","360.00","104"
"C30","1206C","129.2408mm","121.1265mm","129.2408mm","122.841mm","129.2408mm","122.841mm","T","270.00","103/2KV/1206"
"C48","0603C","101.1738mm","63.278mm","101.1738mm","63.278mm","101.1738mm","64.1035mm","T","270.00","22P"
"C25","0603C","88.3468mm","62.897mm","88.3468mm","62.897mm","88.3468mm","62.0715mm","T","90.00","104"
"C24","0603C","79.4568mm","62.702mm","79.4568mm","62.702mm","79.4568mm","61.8765mm","T","90.00","104"
"C46","0603C","101.1738mm","66.453mm","101.1738mm","66.453mm","101.1738mm","65.6275mm","T","90.00","22P"
"C22","0603C","58.6288mm","67.2592mm","58.6288mm","67.2592mm","57.8033mm","67.2592mm","T","360.00","104"
"C20","0603C","44.0238mm","77.089mm","44.0238mm","77.089mm","44.0238mm","76.2635mm","T","90.00","104"
"C21","0603C","37.115mm","58.6933mm","37.115mm","58.6933mm","37.115mm","57.8678mm","T","90.00","3.9nF"
"C19","0603C","39.147mm","62.0588mm","39.147mm","62.0588mm","39.147mm","61.2333mm","T","90.00","104"
"C18","0805C","31.945mm","55.1415mm","31.9278mm","54.0766mm","31.945mm","54.062mm","T","90.00","0.1uF"
"C17","0603C","48.926mm","56.5978mm","48.926mm","56.5978mm","48.926mm","57.4233mm","T","270.00","103"
"C10","0603C","134.3208mm","65.437mm","134.3208mm","65.437mm","133.4953mm","65.437mm","T","360.00","104"
"C9","0603C","120.427mm","56.9976mm","120.427mm","56.9976mm","120.427mm","57.8231mm","T","270.00","104"
"C8","0603C","110.9274mm","56.9976mm","110.9274mm","56.9976mm","110.9274mm","57.8231mm","T","270.00","104"
"C6","0603C","115.6518mm","87.916mm","115.6518mm","87.916mm","115.6518mm","87.0905mm","T","90.00","104"
"C4","0603C","133.4826mm","78.4098mm","133.4826mm","78.4098mm","132.6571mm","78.4098mm","T","360.00","104"
"C3","0603C","111.8418mm","87.916mm","111.8418mm","87.916mm","111.8418mm","87.0905mm","T","90.00","104"
"C16","0603C","129.8758mm","87.916mm","129.8758mm","87.916mm","129.8758mm","87.0905mm","T","90.00","103"
"C15","0603C","127.0818mm","87.916mm","127.0818mm","87.916mm","127.0818mm","87.0905mm","T","90.00","104"
"C14","0603C","133.4826mm","81.3308mm","133.4826mm","81.3308mm","132.6571mm","81.3308mm","T","0.00","104"
"C13","0603C","120.7318mm","87.916mm","120.7318mm","87.916mm","120.7318mm","87.0905mm","T","90.00","104"
"C12","0603C","123.9068mm","87.916mm","123.9068mm","87.916mm","123.9068mm","88.7415mm","T","270.00","104"
"C11","0603C","133.5588mm","83.852mm","133.5588mm","83.852mm","132.7333mm","83.852mm","T","0.00","104"
"C7","0603C","117.5568mm","87.916mm","117.5568mm","87.916mm","117.5568mm","87.0905mm","T","90.00","104"
"C5","0603C","113.6198mm","87.916mm","113.6198mm","87.916mm","113.6198mm","87.0905mm","T","90.00","104"
"C2","0603C","104.8568mm","86.265mm","104.8568mm","86.265mm","104.8568mm","87.0905mm","T","270.00","104"
"C1","0603C","103.2058mm","86.265mm","103.2058mm","86.265mm","103.2058mm","87.0905mm","T","270.00","104"
"U3","LC-LQFP-144_20x20x05P","117.6838mm","71.66mm","117.6838mm","71.66mm","107.1338mm","80.41mm","T","270.00","LPC1778FBD144"
"R140","0603R","90.5058mm","58.198mm","90.5058mm","58.198mm","89.6803mm","58.198mm","T","360.00","10R"
"R141","0603R","90.5058mm","59.849mm","90.5058mm","59.849mm","89.6803mm","59.849mm","T","360.00","10R"
"RL10","HF32F-12V","124.7958mm","19.3106mm","122.0018mm","26.9306mm","120.9858mm","26.9306mm","T","90.00","JQ1P-24V"
"R195","0603R","218.0844mm","107.3658mm","218.0844mm","107.3658mm","217.2589mm","107.3658mm","T","360.00","10K"
"D33","1206D","178.2826mm","67.4116mm","178.2826mm","67.4116mm","178.2826mm","65.6971mm","T","90.00","1N4148"
"Q28","SOT23","174.456mm","65.9382mm","173.4312mm","66.8782mm","173.44mm","66.8907mm","T","270.00","8050"
"R110","0603R","171.577mm","65.8876mm","171.577mm","65.8876mm","171.577mm","66.7131mm","T","270.00","4K7"
"U12","BUZ","186.6792mm","67.7926mm","191.7192mm","67.7926mm","186.6392mm","71.5926mm","T","180.00","BELL"
"C154","1206C","5.0292mm","120.3325mm","5.0292mm","118.618mm","5.0292mm","118.618mm","T","90.00","102/2KV/1206"
"R217","0603R","59.6138mm","121.1834mm","59.6138mm","121.1834mm","59.6138mm","122.0089mm","T","270.00","33R"

